-- MySQL dump 10.13  Distrib 8.0.32, for Linux (x86_64)
--
-- Host: 34.71.12.223    Database: tswift
-- ------------------------------------------------------
-- Server version	8.0.27

/*!40101 SET @OLD_CHARACTER_SET_CLIENT=@@CHARACTER_SET_CLIENT */;
/*!40101 SET @OLD_CHARACTER_SET_RESULTS=@@CHARACTER_SET_RESULTS */;
/*!40101 SET @OLD_COLLATION_CONNECTION=@@COLLATION_CONNECTION */;
/*!50503 SET NAMES utf8mb4 */;
/*!40103 SET @OLD_TIME_ZONE=@@TIME_ZONE */;
/*!40103 SET TIME_ZONE='+00:00' */;
/*!40014 SET @OLD_UNIQUE_CHECKS=@@UNIQUE_CHECKS, UNIQUE_CHECKS=0 */;
/*!40014 SET @OLD_FOREIGN_KEY_CHECKS=@@FOREIGN_KEY_CHECKS, FOREIGN_KEY_CHECKS=0 */;
/*!40101 SET @OLD_SQL_MODE=@@SQL_MODE, SQL_MODE='NO_AUTO_VALUE_ON_ZERO' */;
/*!40111 SET @OLD_SQL_NOTES=@@SQL_NOTES, SQL_NOTES=0 */;

--
-- Table structure for table `albums`
--

DROP TABLE IF EXISTS `albums`;
/*!40101 SET @saved_cs_client     = @@character_set_client */;
/*!50503 SET character_set_client = utf8mb4 */;
CREATE TABLE `albums` (
  `id` int NOT NULL AUTO_INCREMENT,
  `name` varchar(255) DEFAULT NULL,
  `date` date DEFAULT NULL,
  PRIMARY KEY (`id`)
) ENGINE=InnoDB AUTO_INCREMENT=19 DEFAULT CHARSET=utf8mb4 COLLATE=utf8mb4_0900_ai_ci;
/*!40101 SET character_set_client = @saved_cs_client */;

--
-- Dumping data for table `albums`
--

LOCK TABLES `albums` WRITE;
/*!40000 ALTER TABLE `albums` DISABLE KEYS */;
INSERT INTO `albums` VALUES (1,'Taylor Swift','2006-10-24'),(2,'Speak Now (Deluxe Package)','2010-01-01'),(3,'Red (Deluxe Edition)','2012-10-22'),(4,'1989 (Deluxe)','2014-01-01'),(5,'reputation','2017-11-10'),(6,'Lover','2019-08-23'),(7,'folklore (deluxe version)','2020-08-18'),(8,'evermore (deluxe version)','2021-01-07'),(9,'Fearless (Taylor\'s Version)','2021-04-09');
/*!40000 ALTER TABLE `albums` ENABLE KEYS */;
UNLOCK TABLES;

--
-- Table structure for table `genres`
--

DROP TABLE IF EXISTS `genres`;
/*!40101 SET @saved_cs_client     = @@character_set_client */;
/*!50503 SET character_set_client = utf8mb4 */;
CREATE TABLE `genres` (
  `id` int NOT NULL AUTO_INCREMENT,
  `name` varchar(255) DEFAULT NULL,
  PRIMARY KEY (`id`)
) ENGINE=InnoDB AUTO_INCREMENT=4 DEFAULT CHARSET=utf8mb4 COLLATE=utf8mb4_0900_ai_ci;
/*!40101 SET character_set_client = @saved_cs_client */;

--
-- Dumping data for table `genres`
--

LOCK TABLES `genres` WRITE;
/*!40000 ALTER TABLE `genres` DISABLE KEYS */;
INSERT INTO `genres` VALUES (1,'country'),(2,'pop'),(3,'alternative');
/*!40000 ALTER TABLE `genres` ENABLE KEYS */;
UNLOCK TABLES;

--
-- Table structure for table `songs`
--

DROP TABLE IF EXISTS `songs`;
/*!40101 SET @saved_cs_client     = @@character_set_client */;
/*!50503 SET character_set_client = utf8mb4 */;
CREATE TABLE `songs` (
  `id` int NOT NULL AUTO_INCREMENT,
  `name` varchar(255) NOT NULL,
  `length` bigint NOT NULL,
  `popularity` int DEFAULT NULL,
  `danceability` float DEFAULT NULL,
  `acousticness` float DEFAULT NULL,
  `energy` float DEFAULT NULL,
  `instrumentalness` float DEFAULT NULL,
  `loudness` float DEFAULT NULL,
  `speechiness` float DEFAULT NULL,
  `valence` float DEFAULT NULL,
  `tempo` float DEFAULT NULL,
  `album_id` int DEFAULT NULL,
  `genre_id` int DEFAULT NULL,
  `release_date_id` int DEFAULT NULL,
  PRIMARY KEY (`id`),
  KEY `songs_released_id_fk` (`release_date_id`),
  KEY `songs_albums_id_fk` (`album_id`),
  KEY `songs_genres_id_fk` (`genre_id`),
  CONSTRAINT `songs_albums_id_fk` FOREIGN KEY (`album_id`) REFERENCES `albums` (`id`),
  CONSTRAINT `songs_genres_id_fk` FOREIGN KEY (`genre_id`) REFERENCES `genres` (`id`)
) ENGINE=InnoDB AUTO_INCREMENT=173 DEFAULT CHARSET=utf8mb4 COLLATE=utf8mb4_0900_ai_ci;
/*!40101 SET character_set_client = @saved_cs_client */;

--
-- Dumping data for table `songs`
--

LOCK TABLES `songs` WRITE;
/*!40000 ALTER TABLE `songs` DISABLE KEYS */;
INSERT INTO `songs` VALUES (1,'Picture To Burn',173066,54,0.658,0.173,0.877,0,-2.098,0.0323,0.821,105.586,1,1,1),(2,'Teardrops On My Guitar - Radio Single Remix',203040,59,0.621,0.288,0.417,0,-6.941,0.0231,0.289,99.953,1,1,1),(3,'A Place in this World',199200,49,0.576,0.051,0.777,0,-2.881,0.0324,0.428,115.028,1,1,1),(4,'Cold As You',239013,50,0.418,0.217,0.482,0,-5.769,0.0266,0.261,175.558,1,1,1),(5,'The Outside',207106,47,0.589,0.00491,0.805,0,-4.055,0.0293,0.591,112.982,1,1,1),(6,'Tied Together with a Smile',248106,47,0.479,0.525,0.578,0,-4.963,0.0294,0.192,146.165,1,1,1),(7,'Stay Beautiful',236053,48,0.594,0.0868,0.629,0,-4.919,0.0246,0.504,131.597,1,1,1),(8,'Should\'ve Said No',242200,53,0.476,0.0103,0.777,0,-3.771,0.0289,0.472,167.964,1,1,1),(9,'Mary\'s Song (Oh My My My)',213080,50,0.403,0.0177,0.627,0,-5.28,0.0292,0.374,74.9,1,1,1),(10,'Our Song',201106,54,0.668,0.111,0.672,0,-4.931,0.0303,0.539,89.011,1,1,1),(11,'I\'m Only Me When I\'m With You',213053,50,0.563,0.00452,0.934,0.000807,-3.629,0.0646,0.518,143.964,1,1,1),(12,'Invisible',203226,48,0.612,0.637,0.394,0,-5.723,0.0243,0.233,96.001,1,1,1),(13,'A Perfectly Good Heart',220146,46,0.483,0.00349,0.751,0,-5.726,0.0365,0.268,156.092,1,1,1),(14,'Teardrops on My Guitar - Pop Version',179066,48,0.459,0.0402,0.753,0,-3.827,0.0537,0.483,199.997,1,1,1),(15,'Mine - POP Mix',230546,45,0.696,0.00461,0.768,0.00000121,-3.863,0.0308,0.692,121.05,2,1,2),(16,'Sparks Fly',260946,50,0.608,0.0387,0.785,0,-2.976,0.0311,0.376,114.985,2,1,2),(17,'Back To December',293040,50,0.517,0.0202,0.606,0,-5.797,0.0289,0.296,141.929,2,1,2),(18,'Speak Now',240773,49,0.708,0.101,0.601,0,-3.75,0.0306,0.742,118.962,2,1,2),(19,'Dear John',403887,48,0.583,0.183,0.468,0.00000165,-5.378,0.0278,0.126,119.375,2,1,2),(20,'Mean',237746,48,0.57,0.445,0.747,0,-3.978,0.0426,0.808,164.004,2,1,2),(21,'The Story Of Us',265636,48,0.575,0.000315,0.855,0.00161,-4.827,0.0467,0.84,139.92,2,1,2),(22,'Never Grow Up',290480,44,0.715,0.829,0.308,0,-8.829,0.0305,0.547,124.899,2,1,2),(23,'Enchanted',352200,51,0.535,0.0716,0.618,0.000388,-3.913,0.0273,0.228,81.975,2,1,2),(24,'Better Than Revenge',217173,49,0.519,0.0167,0.917,0.0000206,-3.185,0.0887,0.652,145.882,2,1,2),(25,'Innocent',302266,44,0.553,0.202,0.604,0,-5.295,0.0258,0.186,133.989,2,1,2),(26,'Haunted',242093,47,0.434,0.0769,0.944,0,-2.641,0.0581,0.361,162.02,2,1,2),(27,'Last Kiss',367146,47,0.359,0.581,0.329,0.0000375,-9.531,0.0293,0.208,84.358,2,1,2),(28,'Long Live',317960,47,0.412,0.0426,0.682,0.0000747,-4.319,0.0339,0.146,203.959,2,1,2),(29,'Ours',238173,55,0.61,0.505,0.556,0,-7.369,0.0285,0.192,159.838,2,1,2),(30,'If This Was A Movie',234546,52,0.515,0.154,0.724,0.00000405,-3.498,0.0267,0.257,147.788,2,1,2),(31,'Superman',276266,47,0.582,0.0187,0.817,0.00000194,-3.718,0.0337,0.547,131.983,2,1,2),(32,'Back To December - Acoustic',292533,59,0.541,0.731,0.451,0,-6.522,0.027,0.333,141.713,2,1,2),(33,'Haunted - Acoustic Version',217626,48,0.574,0.841,0.462,0,-5.124,0.0252,0.314,80.858,2,1,2),(34,'Mine',230773,64,0.621,0.00327,0.78,0.00000455,-2.934,0.0297,0.672,121.038,2,1,2),(35,'Back To December',293040,43,0.525,0.113,0.676,0,-4.684,0.0294,0.281,141.95,2,1,2),(36,'The Story Of Us',266480,59,0.546,0.00487,0.809,0.000372,-3.621,0.041,0.649,139.91,2,1,2),(37,'State Of Grace',295720,62,0.588,0.000197,0.825,0.00138,-5.882,0.0328,0.397,129.968,3,1,3),(38,'Red',223093,66,0.602,0.0773,0.896,0.0000887,-4.267,0.0437,0.641,124.978,3,1,3),(39,'Treacherous',242760,61,0.704,0.101,0.621,0.0000043,-8.086,0.0334,0.395,109.995,3,1,3),(40,'I Knew You Were Trouble.',219720,65,0.622,0.00454,0.469,0.00000225,-6.798,0.0363,0.679,77.019,3,1,3),(41,'All Too Well',329160,72,0.602,0.0382,0.609,0.0002,-7.803,0.0243,0.337,93.06,3,1,3),(42,'22',232120,64,0.661,0.00215,0.729,0.0013,-6.561,0.0376,0.668,103.987,3,1,3),(43,'I Almost Do',244560,61,0.567,0.0173,0.481,0.0000413,-7.357,0.027,0.233,145.865,3,1,3),(44,'We Are Never Ever Getting Back Together',193146,65,0.628,0.00957,0.676,0.0000265,-5.911,0.0916,0.75,85.984,3,1,3),(45,'Stay Stay Stay',205853,60,0.729,0.307,0.748,0.00000129,-6.67,0.0245,0.928,99.981,3,1,3),(46,'The Last Time',299013,61,0.505,0.035,0.443,0.00000315,-7.039,0.0276,0.123,94.069,3,1,3),(47,'Holy Ground',202960,61,0.627,0.0162,0.816,0.00208,-6.698,0.0774,0.648,157.043,3,1,3),(48,'Sad Beautiful Tragic',284866,59,0.624,0.632,0.34,0.0337,-12.411,0.029,0.261,129.987,3,1,3),(49,'The Lucky One',240266,60,0.706,0.0371,0.499,0,-7.675,0.0369,0.545,117.937,3,1,3),(50,'Everything Has Changed',245413,62,0.624,0.36,0.458,0.00000389,-6.755,0.0287,0.436,80.016,3,1,3),(51,'Starlight',220600,58,0.649,0.0213,0.777,0.000335,-5.804,0.0406,0.587,126.018,3,1,3),(52,'Begin Again',239426,60,0.53,0.199,0.526,0.00000352,-8.349,0.0263,0.323,79.025,3,1,3),(53,'The Moment I Knew',286613,58,0.619,0.187,0.506,0.0000147,-7.327,0.0315,0.274,126.03,3,1,3),(54,'Come Back...Be Here',223920,60,0.483,0.00471,0.548,0.00000201,-6.291,0.0254,0.217,79.926,3,1,3),(55,'Girl At Home',220840,55,0.733,0.272,0.59,0,-5.86,0.0284,0.633,125.048,3,1,3),(56,'Treacherous - Original Demo Recording',240266,53,0.828,0.175,0.64,0.0000614,-8.248,0.0355,0.519,109.993,3,1,3),(57,'Red - Original Demo Recording',227080,53,0.678,0.113,0.902,0.000235,-4.659,0.0358,0.637,124.998,3,1,3),(58,'State Of Grace - Acoustic',323080,55,0.626,0.664,0.118,0.000169,-15.91,0.0305,0.0682,105.597,3,1,3),(59,'Welcome To New York',212600,58,0.789,0.0348,0.634,0.00000164,-4.762,0.0323,0.658,116.992,4,2,4),(60,'Blank Space',231826,82,0.76,0.103,0.703,0,-5.412,0.054,0.57,95.997,4,2,4),(61,'Style',231000,75,0.588,0.00245,0.791,0.00258,-5.595,0.0402,0.487,94.933,4,2,4),(62,'Out Of The Woods',235800,67,0.553,0.000743,0.841,0.0000119,-6.937,0.0396,0.338,92.008,4,2,4),(63,'All You Had To Do Was Stay',193293,58,0.605,0.00201,0.725,0.0000202,-5.729,0.0323,0.539,96.97,4,2,4),(64,'Shake It Off',219200,80,0.647,0.0647,0.8,0,-5.384,0.165,0.942,160.078,4,2,4),(65,'I Wish You Would',207440,60,0.653,0.0158,0.893,0.0000495,-5.966,0.0538,0.513,118.035,4,2,4),(66,'Bad Blood',211933,59,0.646,0.0885,0.794,0.00000616,-6.104,0.19,0.287,170.216,4,2,4),(67,'Wildest Dreams',220440,61,0.55,0.0692,0.688,0.00144,-7.416,0.0897,0.465,139.997,4,2,4),(68,'How You Get The Girl',247533,60,0.765,0.00364,0.656,0.00868,-6.112,0.0504,0.545,119.997,4,2,4),(69,'This Love',250093,60,0.481,0.678,0.435,0,-8.795,0.0321,0.107,143.95,4,2,4),(70,'I Know Places',195706,58,0.602,0.245,0.755,0,-4.991,0.071,0.495,159.965,4,2,4),(71,'Clean',271000,63,0.815,0.232,0.377,0,-7.754,0.0346,0.211,103.97,4,2,4),(72,'Wonderland',245560,65,0.422,0.0493,0.692,0.0000257,-5.447,0.0549,0.197,184.014,4,2,4),(73,'You Are In Love',267106,62,0.474,0.707,0.48,0.000108,-8.894,0.0622,0.319,170.109,4,2,4),(74,'New Romantics',230466,66,0.633,0.00463,0.889,0.000458,-5.87,0.0715,0.584,121.956,4,2,4),(75,'I Know Places - Voice Memo',216333,0,0.592,0.829,0.128,0,-17.932,0.589,0.15,78.828,4,2,4),(76,'I Wish You Would - Voice Memo',107133,0,0.781,0.717,0.357,0,-16.394,0.912,0.645,118.317,4,2,4),(77,'Blank Space - Voice Memo',131186,0,0.675,0.801,0.234,0,-15.064,0.721,0.578,127.296,4,2,4),(78,'...Ready For It?',208186,74,0.613,0.0527,0.764,0,-6.509,0.136,0.417,160.015,5,2,5),(79,'End Game',244826,72,0.649,0.00845,0.589,0,-6.237,0.0558,0.151,159.073,5,2,5),(80,'I Did Something Bad',238253,74,0.696,0.0679,0.602,0.0000211,-6.156,0.159,0.305,82.989,5,2,5),(81,'Don’t Blame Me',236413,75,0.615,0.106,0.534,0.0000176,-6.719,0.0386,0.193,135.917,5,2,5),(82,'Delicate',232253,78,0.75,0.216,0.404,0.000357,-10.178,0.0682,0.0499,95.045,5,2,5),(83,'Look What You Made Me Do',211853,77,0.766,0.204,0.709,0.0000141,-6.471,0.123,0.506,128.07,5,2,5),(84,'So It Goes...',227906,66,0.574,0.122,0.61,0.0000011,-7.283,0.0732,0.374,74.957,5,2,5),(85,'Gorgeous',209680,72,0.8,0.0713,0.535,0.00000948,-6.684,0.135,0.451,92.027,5,2,5),(86,'Getaway Car',233626,76,0.562,0.00465,0.689,0.00000223,-6.745,0.127,0.351,172.054,5,2,5),(87,'King Of My Heart',214320,69,0.675,0.00882,0.703,0.00000221,-7.902,0.0382,0.314,110.01,5,2,5),(88,'Dancing With Our Hands Tied',211506,68,0.624,0.0604,0.691,0.000011,-6.686,0.196,0.284,160.024,5,2,5),(89,'Dress',230373,71,0.719,0.0329,0.469,0,-8.792,0.0533,0.0851,120.085,5,2,5),(90,'This Is Why We Can\'t Have Nice Things',207133,68,0.567,0.0156,0.789,0,-5.986,0.115,0.438,163.96,5,2,5),(91,'Call It What You Want',203506,71,0.598,0.186,0.504,0.000221,-9.874,0.0731,0.252,163.954,5,2,5),(92,'New Year’s Day',235466,67,0.661,0.921,0.151,0,-12.864,0.0354,0.23,94.922,5,2,5),(93,'I Forgot That You Existed',170640,72,0.664,0.298,0.316,0.00000203,-10.345,0.519,0.541,92.875,6,2,6),(94,'Cruel Summer',178426,77,0.552,0.117,0.702,0.0000206,-5.707,0.157,0.564,169.994,6,2,6),(95,'Lover',221306,80,0.359,0.492,0.543,0.0000158,-7.582,0.0919,0.453,68.534,6,2,6),(96,'The Man',190360,75,0.777,0.0767,0.658,0,-5.191,0.054,0.633,110.048,6,2,6),(97,'The Archer',211240,69,0.292,0.12,0.574,0.00569,-9.375,0.0401,0.166,124.344,6,2,6),(98,'I Think He Knows',173386,70,0.897,0.00889,0.366,0.000353,-8.029,0.0569,0.416,100.003,6,2,6),(99,'Miss Americana & The Heartbreak Prince',234146,70,0.662,0.028,0.747,0.00615,-6.926,0.0736,0.487,150.088,6,2,6),(100,'Paper Rings',222400,76,0.811,0.0129,0.719,0.0000136,-6.553,0.0497,0.865,103.979,6,2,6),(101,'Cornelia Street',287266,71,0.824,0.781,0.624,0.000189,-9.728,0.0827,0.248,102.012,6,2,6),(102,'Death By A Thousand Cuts',198533,71,0.712,0.454,0.732,0,-6.754,0.0629,0.313,94.071,6,2,6),(103,'London Boy',190240,72,0.695,0.0246,0.71,0.000104,-6.639,0.05,0.557,157.925,6,2,6),(104,'Soon You’ll Get Better (feat. The Chicks)',201586,65,0.433,0.907,0.182,0,-12.566,0.0641,0.421,207.476,6,2,6),(105,'False God',200306,68,0.739,0.736,0.32,0.000147,-10.862,0.239,0.351,79.97,6,2,6),(106,'You Need To Calm Down',171360,78,0.771,0.00929,0.671,0,-5.617,0.0553,0.714,85.026,6,2,6),(107,'Afterglow',223293,74,0.756,0.13,0.449,0,-8.746,0.0344,0.399,111.011,6,2,6),(108,'ME! (feat. Brendon Urie of Panic! At The Disco)',193000,77,0.61,0.033,0.83,0,-4.105,0.0571,0.728,182.162,6,2,6),(109,'It’s Nice To Have A Friend',150440,65,0.737,0.971,0.175,0.000337,-9.912,0.0401,0.545,70.008,6,2,6),(110,'Daylight',293453,68,0.557,0.808,0.496,0.000173,-9.602,0.0563,0.265,149.983,6,2,6),(111,'the 1',210240,64,0.78,0.75,0.361,0.00000714,-6.942,0.048,0.163,139.902,7,3,7),(112,'cardigan',239560,65,0.612,0.525,0.58,0.000414,-8.572,0.0419,0.534,130.045,7,3,7),(113,'the last great american dynasty',231000,63,0.688,0.481,0.653,0.00414,-8.558,0.0403,0.701,147.991,7,3,7),(114,'exile (feat. Bon Iver)',285640,64,0.31,0.761,0.374,0.0000246,-8.464,0.0275,0.16,75.938,7,3,7),(115,'my tears ricochet',255893,64,0.456,0.814,0.265,0,-10.663,0.0328,0.112,129.947,7,3,7),(116,'mirrorball',208973,63,0.549,0.686,0.417,0.0000019,-10.064,0.035,0.347,110.137,7,3,7),(117,'seven',208906,62,0.602,0.888,0.494,0.0000259,-10.813,0.0277,0.374,94.955,7,3,7),(118,'august',261920,65,0.387,0.553,0.634,0.0000693,-9.222,0.0363,0.42,89.567,7,3,7),(119,'this is me trying',195106,63,0.511,0.312,0.478,0.000023,-9.837,0.0322,0.408,135.882,7,3,7),(120,'illicit affairs',190893,62,0.529,0.862,0.304,0,-10.567,0.0356,0.44,119.58,7,3,7),(121,'invisible string',252880,62,0.651,0.859,0.459,0.0000663,-11.128,0.0507,0.454,83.455,7,3,7),(122,'mad woman',237266,61,0.593,0.67,0.7,0.00000677,-9.016,0.0492,0.451,141.898,7,3,7),(123,'epiphany',289746,60,0.317,0.727,0.254,0.000326,-13.679,0.0286,0.103,93.933,7,3,7),(124,'betty',294520,62,0.595,0.589,0.376,0,-8.767,0.0256,0.476,95.946,7,3,7),(125,'peace',234000,60,0.644,0.916,0.284,0.000015,-12.879,0.0821,0.328,150.072,7,3,7),(126,'hoax',220040,60,0.676,0.964,0.178,0.0000079,-15.01,0.0394,0.404,118.84,7,3,7),(127,'the lakes - bonus track',211813,65,0.313,0.842,0.258,0.0000013,-11.532,0.0383,0.268,179.947,7,3,7),(128,'willow',214706,67,0.392,0.833,0.574,0.00179,-9.195,0.17,0.529,81.112,8,3,8),(129,'champagne problems',244000,69,0.462,0.92,0.24,0,-12.077,0.0377,0.32,171.319,8,3,8),(130,'gold rush',185320,66,0.512,0.83,0.462,0.166,-10.491,0.0408,0.353,112.05,8,3,8),(131,'‘tis the damn season',229840,66,0.575,0.735,0.434,0.0000659,-8.193,0.0312,0.348,145.916,8,3,8),(132,'tolerate it',245440,66,0.316,0.878,0.361,0.0000267,-10.381,0.0488,0.221,74.952,8,3,8),(133,'no body, no crime (feat. HAIM)',215626,65,0.546,0.418,0.613,0,-7.589,0.0264,0.535,79.015,8,3,8),(134,'happiness',315146,64,0.559,0.87,0.334,0,-10.733,0.0376,0.211,122.079,8,3,8),(135,'dorothea',225880,64,0.605,0.696,0.488,0,-8.322,0.0264,0.354,119.966,8,3,8),(136,'coney island (feat. The National)',275320,64,0.537,0.819,0.537,0.000904,-11.266,0.0617,0.292,107.895,8,3,8),(137,'ivy',260440,65,0.515,0.855,0.545,0.0000197,-9.277,0.0353,0.535,88.856,8,3,8),(138,'cowboy like me',275040,64,0.604,0.768,0.517,0.000155,-9.014,0.0347,0.511,127.967,8,3,8),(139,'long story short',215920,64,0.546,0.66,0.73,0.179,-7.704,0.0417,0.573,157.895,8,3,8),(140,'marjorie',257773,63,0.535,0.876,0.561,0.000136,-11.609,0.0484,0.287,96.103,8,3,8),(141,'closure',180653,62,0.689,0.835,0.704,0.00000483,-10.813,0.245,0.92,151.884,8,3,8),(142,'evermore (feat. Bon Iver)',304106,64,0.39,0.937,0.27,0.00227,-10.673,0.0308,0.32,125.177,8,3,8),(143,'right where you left me - bonus track',245026,72,0.581,0.769,0.619,0.000106,-6.524,0.0282,0.645,137.915,8,3,8),(144,'it’s time to go - bonus track',254640,68,0.592,0.801,0.41,0.0000139,-12.426,0.0397,0.416,151.923,8,3,8),(145,'Fearless (Taylor’s Version)',241591,69,0.569,0.0122,0.741,0,-4.963,0.0282,0.43,100.118,9,1,9),(146,'Fifteen (Taylor’s Version)',294419,66,0.559,0.116,0.646,0,-4.61,0.0272,0.289,95.466,9,1,9),(147,'Love Story (Taylor’s Version)',235766,74,0.627,0.13,0.792,0.00000397,-4.311,0.031,0.415,119.054,9,1,9),(148,'Hey Stephen (Taylor’s Version)',254254,66,0.788,0.106,0.571,0,-6.135,0.0296,0.797,115.99,9,1,9),(149,'White Horse (Taylor’s Version)',234515,66,0.423,0.369,0.517,0,-7.377,0.0486,0.366,185.262,9,1,9),(150,'You Belong With Me (Taylor’s Version)',231124,76,0.632,0.0623,0.773,0,-4.856,0.0346,0.474,130.033,9,1,9),(151,'Breathe (feat. Colbie Caillat) (Taylor’s Version)',263377,64,0.506,0.156,0.626,0,-6.066,0.0287,0.321,148.035,9,1,9),(152,'Tell Me Why (Taylor’s Version)',200575,63,0.578,0.0222,0.909,0,-3.669,0.0628,0.541,100.023,9,1,9),(153,'You’re Not Sorry (Taylor’s Version)',261842,64,0.506,0.0538,0.444,0,-4.99,0.0285,0.241,133.873,9,1,9),(154,'The Way I Loved You (Taylor’s Version)',243136,74,0.402,0.0033,0.732,0,-4.665,0.0484,0.472,161.032,9,1,9),(155,'Forever & Always (Taylor’s Version)',225328,67,0.598,0.0231,0.821,0,-4.433,0.0447,0.673,128.03,9,1,9),(156,'The Best Day (Taylor’s Version)',245290,62,0.642,0.488,0.576,0,-8.524,0.0282,0.469,125,9,1,9),(157,'Change (Taylor’s Version)',279359,61,0.499,0.000191,0.815,0,-4.063,0.0341,0.344,95.999,9,1,9),(158,'Jump Then Fall (Taylor’s Version)',237580,62,0.572,0.0474,0.69,0,-6.201,0.0358,0.624,160.111,9,1,9),(159,'Untouchable (Taylor’s Version)',312107,62,0.393,0.0181,0.531,0,-6.112,0.0329,0.224,200.391,9,1,9),(160,'Forever & Always (Piano Version) (Taylor’s Version)',267833,63,0.546,0.819,0.273,0,-9.208,0.0308,0.271,118.753,9,1,9),(161,'Come In With The Rain (Taylor’s Version)',237338,61,0.476,0.0406,0.564,0,-5.677,0.0269,0.167,143.929,9,1,9),(162,'Superstar (Taylor’s Version)',263865,60,0.454,0.157,0.555,0,-6.69,0.0283,0.171,171.862,9,1,9),(163,'The Other Side Of The Door (Taylor’s Version)',238443,64,0.432,0.0279,0.873,0,-4.367,0.0577,0.629,163.936,9,1,9),(164,'Today Was A Fairytale (Taylor’s Version)',241822,62,0.482,0.0135,0.779,0,-5.025,0.0409,0.328,158.162,9,1,9),(165,'You All Over Me (feat. Maren Morris) (Taylor’s Version) (From The Vault)',220839,63,0.599,0.816,0.494,0,-7.61,0.0372,0.44,142.893,9,1,9),(166,'Mr. Perfectly Fine (Taylor’s Version) (From The Vault)',277591,74,0.66,0.162,0.817,0,-6.269,0.0521,0.714,135.942,9,1,9),(167,'We Were Happy (Taylor’s Version) (From The Vault)',244236,65,0.609,0.849,0.373,0,-8.819,0.0263,0.13,106.007,9,1,9),(168,'That’s When (feat. Keith Urban) (Taylor’s Version) (From The Vault)',189495,67,0.588,0.225,0.608,0,-7.062,0.0365,0.508,90.201,9,1,9),(169,'Don’t You (Taylor’s Version) (From The Vault)',208608,66,0.563,0.514,0.473,0.000012,-11.548,0.0503,0.405,101.934,9,1,9),(170,'Bye Bye Baby (Taylor’s Version) (From The Vault)',242157,64,0.624,0.334,0.624,0,-7.86,0.0539,0.527,80.132,9,1,9),(172,'Tim McGraw',232106,49,0.58,0.575,0.491,0,-6.462,0.0251,0.425,76.009,1,1,1);
/*!40000 ALTER TABLE `songs` ENABLE KEYS */;
UNLOCK TABLES;
/*!40103 SET TIME_ZONE=@OLD_TIME_ZONE */;

/*!40101 SET SQL_MODE=@OLD_SQL_MODE */;
/*!40014 SET FOREIGN_KEY_CHECKS=@OLD_FOREIGN_KEY_CHECKS */;
/*!40014 SET UNIQUE_CHECKS=@OLD_UNIQUE_CHECKS */;
/*!40101 SET CHARACTER_SET_CLIENT=@OLD_CHARACTER_SET_CLIENT */;
/*!40101 SET CHARACTER_SET_RESULTS=@OLD_CHARACTER_SET_RESULTS */;
/*!40101 SET COLLATION_CONNECTION=@OLD_COLLATION_CONNECTION */;
/*!40111 SET SQL_NOTES=@OLD_SQL_NOTES */;

-- Dump completed on 2023-04-15 15:33:55
